x1,x2,class
7.718936553983688,8.561416423298274,0.0
8.648754554487173,9.970385172144422,0.0
8.549158429899474,7.879780163197907,0.0
7.763116360673557,8.575425866639998,0.0
9.550833045703726,8.481576263376711,0.0
6.649158132441063,9.064524678970676,0.0
7.567954514984595,7.785524333155271,0.0
6.137988984108721,9.981673403257156,0.0
9.253876522400027,7.998166749872452,0.0
8.562677581110645,7.750455015455049,0.0
8.873014429166794,8.552128419219144,0.0
7.122172527997023,8.854578496235412,0.0
9.060939781360048,8.899234833250794,0.0
7.409575142396556,7.71283716349078,0.0
8.625561772064579,6.618951993130935,0.0
9.593636995660692,6.362601753195518,0.0
8.940471512449445,9.17821857879074,0.0
9.273593527777852,8.551426552398022,0.0
9.628698143740422,9.675721304644345,0.0
9.09923810358698,7.056179580807875,0.0
9.980784589019333,6.5248849418802335,0.0
7.696524977436383,8.828146385959236,0.0
8.481403183473065,6.802213047496824,0.0
9.882237399293013,9.58758404100428,0.0
8.860397897173414,9.15860949253027,0.0
9.644008758936872,6.495009654008802,0.0
7.477060285979856,8.47812695455167,0.0
8.40188834786955,7.374889451837935,0.0
7.93930417958368,8.71815746474543,0.0
8.23442494206278,7.018134963329686,0.0
6.142162156329104,9.656010783182971,0.0
9.288690845736037,9.067860188794995,0.0
9.03753586890341,6.703650192557698,0.0
7.447179806010354,9.372141837097264,0.0
7.545124619268531,8.18324086521237,0.0
8.241427987937598,8.185825823036426,0.0
7.05691115523821,9.990211094090894,0.0
8.16017562327128,9.006481276374345,0.0
8.390222533987622,8.326341727009662,0.0
8.844670153581841,8.602239064606161,0.0
8.992940311055165,9.978441596039596,0.0
8.179607740537168,9.117636513701138,0.0
7.446486856508335,9.939579050806287,0.0
6.860220571081433,9.992255059835198,0.0
8.464930679926816,9.156951827873227,0.0
8.385975744950539,9.472794138479133,0.0
8.769082593726104,6.5595704234652334,0.0
9.051153065991423,9.389648247951994,0.0
9.283373388001367,9.59798144842562,0.0
6.035531789374868,9.858632786156363,0.0
9.319330078926471,7.834847919362529,0.0
5.804067649161149,9.246378456037284,0.0
8.96401084315518,7.408315985522639,0.0
8.844612075705577,9.91417362286574,0.0
9.360438874916268,9.375895798392238,0.0
6.306459768325939,9.42119404782421,0.0
6.829613347887282,8.684009310676048,0.0
8.077911217227015,8.603274918531827,0.0
9.473343080573285,7.731077949985876,0.0
8.935945731548129,9.992218638454762,0.0
9.581727669445469,6.070149524020997,0.0
9.170103279338672,9.000693123010734,0.0
7.56193078481946,9.044811987545335,0.0
6.360317411070976,9.273151393621475,0.0
7.0141251411626815,9.729856868567165,0.0
9.864523304324711,5.765017304990496,0.0
9.854574068968256,7.645338092792286,0.0
9.705866267157344,9.835383833843355,0.0
7.495999913209226,9.60598499168852,0.0
9.385283871285372,8.019544927279485,0.0
8.43864354654164,6.607991405515116,0.0
7.970753294320173,9.489203544609678,0.0
7.398153834843795,9.615154837233952,0.0
8.070736867453004,9.46952250665699,0.0
9.34579146698544,6.7108160873458855,0.0
9.42034592764532,9.769234781689036,0.0
8.541814347365671,8.705253696360572,0.0
9.500092037457348,8.30456265073249,0.0
8.040513837853085,9.861374681352885,0.0
5.958039587693423,9.5268958659731,0.0
6.004247716551817,9.02548234230417,0.0
8.608247869306084,6.517857055627489,0.0
6.900347816042468,9.479681498647803,0.0
9.518931757142928,7.190426394061368,0.0
9.983246273080535,8.482917994184035,0.0
8.4851985758853,6.846234247476632,0.0
8.841734910407466,8.16754902416256,0.0
9.542526129111025,7.708537574802078,0.0
8.64229961011942,8.501359317172389,0.0
5.489967859030087,9.707874355249189,0.0
9.331582311492769,8.570806168961761,0.0
9.125013251470673,9.819635663674966,0.0
9.481365432447776,7.344057185860132,0.0
9.813729852097952,5.7221475688767,0.0
9.477745691132167,7.263913739612148,0.0
8.65497016111792,9.73297758469035,0.0
9.329143851328627,8.368033945261978,0.0
8.109463908562311,9.872957766891936,0.0
8.388361026581535,6.789083279644332,0.0
9.74908243061628,9.511761949418524,0.0
9.01850796779495,7.364966591309034,0.0
6.99745985855426,8.81315815972394,0.0
8.736062490540881,9.621213625388185,0.0
8.044006357403408,8.490059875628944,0.0
6.059820454478176,9.55834501033554,0.0
6.528657903428407,9.412951395378796,0.0
7.496086620442227,7.996651190218735,0.0
7.747871841683662,8.620840457921087,0.0
9.092354867195654,8.856245155524991,0.0
9.011256404301992,6.302835132824765,0.0
5.980167187130036,9.611278815300505,0.0
9.66229507192543,7.322467709251398,0.0
7.564984951062804,7.679335596341941,0.0
8.065804732543372,9.663232157130548,0.0
8.473397208044792,8.057956668802111,0.0
9.387124794124473,6.035652574649805,0.0
8.14242230670006,7.864610994144707,0.0
8.859238192763538,9.763277082783054,0.0
6.505666964426869,9.407687091622426,0.0
6.636199930393802,9.104515928618792,0.0
7.93019153523675,7.825638011291806,0.0
8.676865670923513,6.535545948026656,0.0
9.75828403977084,6.447475718430957,0.0
8.669218636005969,7.378100368731903,0.0
9.509427120749386,8.530305505964373,0.0
8.69177162512927,9.517940199451232,0.0
9.711314380518605,8.614234947301343,0.0
7.515679406867978,9.377524903099935,0.0
8.211134980329284,7.8825626376949085,0.0
9.891873520217205,7.609915443925375,0.0
7.595811002940795,8.57390744277599,0.0
8.727286539931177,8.599223536136254,0.0
6.775202056132905,9.433047769451516,0.0
7.114536577818468,9.993270254115531,0.0
9.432819685145793,9.081729839393176,0.0
9.54414052306702,6.509405012125788,0.0
9.5440901188058,7.289265926722739,0.0
7.805644261341124,8.07550303456098,0.0
9.110353949873666,9.221271504838374,0.0
7.294027830549517,8.961604171394821,0.0
7.253116953431409,8.634285207291192,0.0
9.32553241607698,7.865692420086649,0.0
9.70956759763414,7.173701431606622,0.0
9.81253309549881,5.545840503080343,0.0
8.123790984189885,8.17917242546082,0.0
9.920566709942108,7.33758061821256,0.0
9.364752890810053,6.210413514698621,0.0
6.458590372889582,9.05359680558648,0.0
7.078180998541438,8.41645297403723,0.0
7.772758447609459,8.746349693492206,0.0
9.798630528813344,9.78075674419822,0.0
8.567856654020392,9.771014980154074,0.0
9.344842814843371,8.330330824321557,0.0
8.271856456249944,6.785734044947155,0.0
9.698295747527082,8.886962995470684,0.0
8.006615352594492,8.216333413385197,0.0
7.97125369093877,9.02502837617335,0.0
8.296942978290087,9.816621637286326,0.0
6.648166190498829,9.922083012199035,0.0
9.901253204888691,6.221993128442448,0.0
7.278423746183495,8.6847852546304,0.0
9.52536769847386,6.321304440555881,0.0
9.51671552203797,9.7771007258352,0.0
7.788277834163536,9.81904304119017,0.0
9.650744812612883,8.58921106499047,0.0
8.911781881483646,6.900289645119273,0.0
8.036017170322067,8.276086685584724,0.0
8.81817841552915,6.449319197827267,0.0
9.039667950653516,6.359249742312,0.0
9.210410856353278,6.1960404649834135,0.0
9.6129605044805,7.390610499700666,0.0
8.204424801329228,8.12459530708808,0.0
8.663677772616898,9.936173695313592,0.0
9.013920643576808,7.932701929160282,0.0
9.987122356733584,6.515691044058757,0.0
9.819736758871136,7.911724401497645,0.0
9.809324876779742,8.26986362929119,0.0
5.918805404826001,9.24906753116863,0.0
8.118231989080394,9.1835338432279,0.0
9.459014716428404,6.28672335483553,0.0
8.98307505904013,8.789903529327974,0.0
8.730760808576395,9.921560992411104,0.0
8.633263656611668,7.697127106669058,0.0
8.032795162968005,8.18645112910622,0.0
9.971793043788365,9.12375336188108,0.0
6.655381168644246,9.594829974308809,0.0
9.999764217809554,5.225472890524253,0.0
8.986944134255548,8.319460003751738,0.0
7.110111651258755,8.112452935141246,0.0
8.822199940213244,6.32776779082,0.0
9.707574519380827,9.81888832903888,0.0
7.584173994506578,7.934363189679688,0.0
9.375435355987406,9.267810519973544,0.0
9.092362739681372,8.497180668332913,0.0
8.005201722535702,8.452313976934807,0.0
8.814317859961163,6.729045251338741,0.0
6.773925927979086,8.922358262493162,0.0
9.9723022445774,8.172864504656776,0.0
5.852006124054643,9.915834703769082,0.0
9.978019219364528,9.188367894737588,0.0
8.519233378324413,6.60916213568,0.0
8.578544268809534,9.338530682855852,0.0
6.0998750369319765,9.727471644996095,0.0
7.947158610923855,8.239107131713405,0.0
7.585819055971992,8.716169543990471,0.0
9.372929961862766,9.898842265251693,0.0
8.41193261504271,8.96751961013789,0.0
5.82245560326994,9.806272543950492,0.0
8.797382551574993,8.310462492741806,0.0
8.372489410873648,9.618686910477155,0.0
8.86164455092394,8.556977220705788,0.0
9.797656177045278,5.933596409340588,0.0
7.941450197638058,8.690243764515822,0.0
8.60076528800072,7.585394431177601,0.0
8.639971533552663,9.986900209382467,0.0
9.285177362881866,5.773266753369152,0.0
9.708208525572475,6.909590210638161,0.0
6.30239922107006,9.293413697510877,0.0
8.568256094922406,6.757016562432479,0.0
9.26911023047009,9.889669517067205,0.0
6.235191049969862,9.181375639358071,0.0
9.904361347238163,7.34352276899982,0.0
8.259359489005258,8.735335467109556,0.0
9.50179627867633,9.459473241063067,0.0
7.173848411245304,9.147733202196138,0.0
8.631423920702042,8.344989895953868,0.0
9.329525493970449,9.085011825184631,0.0
7.518547301617486,9.72130175070181,0.0
8.68845760364037,7.913162129563437,0.0
7.108274009661056,7.9767850289034,0.0
9.985810549813904,7.725557662671361,0.0
7.2459375018288705,8.83802437981707,0.0
7.735024078545953,8.738396056253023,0.0
9.39308688720281,7.527478553718238,0.0
7.115125685164307,8.845814162062215,0.0
7.565506837132617,7.869609857536455,0.0
9.05415948997092,6.9495417196858975,0.0
8.04574634624161,9.964926980414944,0.0
9.209754513843697,8.791676049934175,0.0
9.919793457407794,7.104010594495264,0.0
9.78345389671712,8.464921825883888,0.0
9.521502781402836,7.567658835998722,0.0
7.204706653603354,9.405947822819869,0.0
6.152473329645449,9.36677825966899,0.0
7.410826280119843,8.260244620746262,0.0
5.469389859625427,9.75783959887714,0.0
7.700837664825566,9.604177487460545,0.0
7.177999024717322,9.80427841517127,0.0
7.388581907056674,9.149216414785208,0.0
9.937561554156447,9.049698311935714,0.0
9.157194593623965,7.93748379256516,0.0
5.824070172378107,9.670514671324948,0.0
8.914545220018972,9.684320274443522,0.0
9.268073886857056,8.638338232390558,0.0
6.645884748525677,9.406783829130802,0.0
6.555557293889043,8.975156933810137,0.0
9.211304570954065,9.938673288367552,0.0
9.728529690501269,6.58999858815375,0.0
9.90514876320905,6.44782225173616,0.0
9.882052246363726,7.231583177638551,0.0
8.902175182390565,7.973154007132046,0.0
6.462425389171122,9.149588170730825,0.0
8.75283047709084,6.952054186745079,0.0
9.406494044403386,9.284663379953836,0.0
7.090561369539974,9.189257717403724,0.0
9.332617630523243,9.36048993628168,0.0
9.176749105954386,8.564027309838503,0.0
6.31096269566156,8.921892694068228,0.0
9.03098151923049,7.02802279018941,0.0
8.972992418229861,6.14640133158857,0.0
9.492094980616796,6.128887584245678,0.0
9.318942018160753,8.025457041767023,0.0
6.719080858195479,8.515451125882768,0.0
7.930478773923459,8.865894618967253,0.0
7.905223185773638,9.271302836189472,0.0
7.978797458699294,8.049698431637779,0.0
9.83332475605813,7.843912127838709,0.0
6.061016292293269,9.122184288914228,0.0
9.035167709454438,7.05901975917622,0.0
7.312823762711512,9.108855806056573,0.0
8.248528563987447,7.048515793841391,0.0
8.358608920831651,7.975738922739155,0.0
8.79953148074104,9.325818886645196,0.0
5.787811409739518,9.990951318842082,0.0
8.046487306331343,7.117026982037982,0.0
7.505881896307871,7.876914196629437,0.0
7.151550158151624,8.92108390221664,0.0
9.378227116059678,7.276178120722548,0.0
9.52191255102311,7.51645280726807,0.0
9.197586533698349,5.82180421304141,0.0
9.96646630559128,5.7711966324717245,0.0
9.741182877247772,9.08760077932488,0.0
9.014408886532104,6.213850832505727,0.0
8.570955690259817,7.704211012143794,0.0
6.270680816229765,9.878914780039224,0.0
7.692326328444755,8.820052046782314,0.0
9.6143707709216,7.01355553108118,0.0
7.544746461377447,8.47478819154775,0.0
7.45441848250143,8.623100257383637,0.0
7.622715694342301,8.351042759443203,0.0
8.327163107908358,8.19416883846275,0.0
8.616091887327128,9.822601625178644,0.0
5.839273825522428,9.236195504154557,0.0
9.691238898744372,9.994862230812664,0.0
8.575152972292875,9.534363865559865,0.0
9.059117353845988,8.012184818869422,0.0
9.906090717126096,6.6810594783234345,0.0
9.50862338187086,6.603918102919904,0.0
9.220056433603286,9.186073523158331,0.0
9.309184117274953,9.119086246159808,0.0
9.76335059686013,6.1385703121778725,0.0
8.619593461212329,8.804165973043167,0.0
8.896620319048068,7.4565424021550255,0.0
9.16041847149394,6.846791320363232,0.0
9.15892546867484,6.316745188926154,0.0
9.765722125432568,8.614105554109535,0.0
9.36712413840517,8.687806628264052,0.0
8.538402659970092,9.85330727009883,0.0
9.190107002260891,7.974711673743404,0.0
8.366865343540402,9.5312460868262,0.0
9.751328951445196,7.192368512974707,0.0
7.204020076560479,9.648866043679584,0.0
7.848207363074223,9.29436192383803,0.0
6.541469210603702,9.11120958400134,0.0
9.767140007474628,6.048842373457783,0.0
8.642674469628316,9.976224721541376,0.0
7.961696995954037,8.346232561447124,0.0
8.73286081902468,7.675572680534292,0.0
8.926291030388494,8.309768656226339,0.0
8.414851662931053,7.412336563805537,0.0
8.87191837962711,6.874893703091908,0.0
8.401602594603466,9.292219727124555,0.0
7.565226927017928,9.866397631396428,0.0
6.817323860320111,8.709184763738898,0.0
6.045169306966009,9.353195306393246,0.0
7.123003574461656,9.140058932663226,0.0
8.466336615621504,6.913435663802322,0.0
8.227636789849717,9.523914397678489,0.0
9.268641917243926,8.26507306614397,0.0
9.209310669127635,7.179946704688117,0.0
6.8331942001818895,8.520643071639327,0.0
7.835411175494706,8.508853169343034,0.0
9.480814147155812,7.949113706624036,0.0
8.587061363875444,8.193412903031785,0.0
8.809415848069294,6.459022190384804,0.0
8.705610279374342,8.578904037499367,0.0
9.82075977928557,7.33079054916817,0.0
9.806240008591168,5.692906259418037,0.0
9.849037629809317,8.376297929386357,0.0
6.973276796803956,9.95816720620896,0.0
9.28626313746268,6.252200812171407,0.0
9.628894885992429,8.62913790886255,0.0
9.089909771828465,6.072659486650042,0.0
7.367787142795011,9.020634888781617,0.0
8.948462845379524,8.185756088334141,0.0
9.421801230619415,9.641531873220847,0.0
9.01740110694218,9.33450760600434,0.0
6.531920103287874,8.731227252258014,0.0
8.18743968644782,9.30737640440939,0.0
9.85167509659382,9.971639069015666,0.0
7.326623230990689,9.88677862368627,0.0
5.667646761826505,9.694443460397672,0.0
7.639329178930079,7.81918033481232,0.0
9.469641114910866,7.444376384715962,0.0
8.259446890039944,9.072158132350106,0.0
8.8929489529975,8.923951238432203,0.0
9.584903605854784,6.710858257047015,0.0
8.541972706057354,8.81167215680251,0.0
8.255855393137798,7.846637566642101,0.0
7.492115216526898,9.758113399451672,0.0
6.212508840966682,9.945879232947693,0.0
9.365006377828928,7.589064941572765,0.0
8.076282952122774,7.27460263770133,0.0
7.186518148939398,9.410448103823132,0.0
9.574058640346442,8.560617316216133,0.0
7.193659524801809,8.297073295272897,0.0
9.942288337975034,5.581564819759956,0.0
8.761807903966005,8.087241566342401,0.0
7.685316868225898,8.129569381802876,0.0
8.590529557094849,9.133341309841562,0.0
7.349797812877003,7.784048271809988,0.0
7.24848276041458,8.142074528273884,0.0
8.272134296208039,8.287252348150098,0.0
8.503839061284063,8.615206024512846,0.0
7.391454776981883,8.174050953441906,0.0
9.945157494019387,9.78841027890072,0.0
5.753110538231956,9.648565046737303,0.0
7.909121930998331,8.016019272401468,0.0
9.778016729308764,9.149841341462665,0.0
9.97711716970006,6.045069981388029,0.0
8.437357080034555,8.248646520421678,0.0
7.594319492719776,9.62493902058458,0.0
8.119558441390666,8.464811504684816,0.0
9.704510004574535,7.341770033920384,0.0
9.231374872538852,6.376397101638126,0.0
8.47591215989112,7.6201350055769534,0.0
6.7654103140658295,8.720930021112103,0.0
9.623925158731916,9.03506173314755,0.0
7.367677463416053,9.886579531209252,0.0
9.606784647110713,9.693475146541047,0.0
7.717574078923609,9.806155500669906,0.0
9.379726691183144,9.757095956669108,0.0
9.862797989209993,7.341572954298244,0.0
8.851442739543423,8.532955752468732,0.0
8.724406509211562,8.784951972042087,0.0
6.431530110305679,9.878831668852964,0.0
8.054971682115603,7.716004022664152,0.0
9.1017512413629,8.310989619402955,0.0
9.271980514506373,8.305515444302042,0.0
7.703737498982504,8.949422161673965,0.0
9.010640812404183,7.172102043915688,0.0
9.67070121135409,5.408860226624795,0.0
8.575143579980105,6.519851000559479,0.0
9.526222323062406,9.062342247486036,0.0
8.783027091908616,6.652321903119059,0.0
8.090116762976116,7.77111606702788,0.0
9.942704168082535,5.521137548587527,0.0
8.738776911212256,6.905224526210867,0.0
7.276396695634451,7.952559513864807,0.0
6.420353719685966,9.19111614497957,0.0
9.080961583613275,9.605309241621493,0.0
9.659289697066654,6.215060881551091,0.0
7.881928727833047,9.925630881762142,0.0
9.405278453673033,9.884612988108405,0.0
6.162829629356495,9.46435085167026,0.0
7.962126924933074,7.412050406890272,0.0
9.058181081071632,8.899886162486272,0.0
8.912910546693308,8.937270815015998,0.0
9.134806939877144,7.740861413304538,0.0
6.444437082924717,8.88525237733312,0.0
9.639941148020185,5.890083959883897,0.0
6.995035784433035,9.715244458165822,0.0
8.148942240101903,8.901683947025752,0.0
9.249694408769166,8.744042983808614,0.0
6.589761724744575,9.087727260814916,0.0
9.550832469846531,7.47990108801925,0.0
9.521737452793412,8.909133591819211,0.0
8.408474304888221,9.046435148994954,0.0
9.825293476990336,8.488538474620256,0.0
5.625160124401798,9.694510704700344,0.0
9.970828445821974,8.039934998271287,0.0
7.63983797165019,8.199330701589641,0.0
8.45968059129289,9.613481418563603,0.0
9.057033296063832,8.104689665693757,0.0
7.132604402016268,8.51409971775716,0.0
9.56850056338807,8.937907864059389,0.0
8.815564517029696,7.731198827571885,0.0
8.764270539543809,7.760804793948539,0.0
9.989942128532052,9.371759551094057,0.0
9.433286747141665,8.38519663604409,0.0
7.814268471097821,8.129318378846284,0.0
5.677351163417018,9.803170864602192,0.0
7.666232493432448,7.452201178088567,0.0
7.942373450921849,8.350335665508055,0.0
9.125449749816232,8.262383618641973,0.0
7.914934598398002,9.093040804675493,0.0
6.372012105401268,8.968793097020782,0.0
6.773703131668331,9.064959508711654,0.0
8.270444069509068,9.70369313227561,0.0
7.762593453785717,9.483690862969947,0.0
9.661567409288816,6.209073035803726,0.0
8.060301572365857,7.284506450564413,0.0
7.961179313046776,9.578008312048317,0.0
7.937665802006207,8.360610039489632,0.0
9.612581665297837,8.781420463877494,0.0
7.812857551023344,7.578880770958882,0.0
9.653752327984169,8.773231421014,0.0
9.264383282240384,6.336206887089412,0.0
5.651187541094616,9.817201662199649,0.0
8.968632939899907,8.494937241920704,0.0
8.319063000276483,8.813462942777962,0.0
9.381666782414728,6.096154180665502,0.0
6.402008499979242,8.648507440842348,0.0
6.196701434631452,9.52078252983734,0.0
8.679867530163296,7.619020926326828,0.0
8.30163065271476,8.971944562988469,0.0
8.922454423077518,6.579429067584156,0.0
8.507434984360485,7.767371980423247,0.0
9.61351745048479,5.887038122509141,0.0
8.418389718522407,7.426703743846693,0.0
9.277080779411689,7.539024026438939,0.0
9.973193334758887,6.043804470152025,0.0
6.658945588416641,9.902334445276937,0.0
9.810175571266168,7.537019444392829,0.0
9.28815294133814,7.726277310524408,0.0
9.741670405510728,6.730266989039089,0.0
9.396327127171007,9.314829411009114,0.0
9.618774979275525,7.472292881066282,0.0
7.141345374632433,8.882386851536785,0.0
8.83604113840473,6.823019104043043,0.0
6.752411631302621,9.917886558994908,0.0
7.511886074468739,8.133842073187141,0.0
7.32765808829074,9.409789974304292,0.0
7.1504233265751695,8.367049616136,0.0
7.982125278578909,9.63319222378798,0.0
8.697571995577778,9.29156798310185,0.0
8.003513061240655,9.710190085125934,0.0
9.947434095685049,6.723642625519287,0.0
7.872686106862874,8.35807830941735,0.0
5.846398794890055,9.47763096945046,0.0
8.421736632470818,6.755456047079083,0.0
9.222248153833684,6.028326807238711,0.0
7.056523918540907,8.733928777229295,0.0
9.015682322196666,8.242423584380038,0.0
9.846683593944787,6.326045108701207,0.0
9.95618129362395,7.456231577700234,0.0
9.036815658999233,8.897863111140875,0.0
7.78133996137997,9.71937975311502,0.0
7.967814054389814,8.900674951022149,0.0
9.590283756968828,5.601055775612637,0.0
7.497353743754033,8.781877195286592,0.0
8.52527006192878,7.272454279659049,0.0
5.200952143073698,9.943155160283904,0.0
7.398499304203164,9.46896989566633,0.0
9.81264142471762,5.428018860728735,0.0
9.14818598708582,8.323396183344785,0.0
7.279181407234744,9.03383441014312,0.0
7.637405413156313,9.487352292955064,0.0
8.316243710172094,7.051132111950842,0.0
9.105223175630876,9.775394718825185,0.0
8.494354810361774,9.606394533287691,0.0
7.607571778885418,9.358089560773454,0.0
7.80136391224184,8.994588690626088,0.0
9.746111405005992,5.460870403993567,0.0
7.574560491685633,8.688388025991522,0.0
9.978010062552354,8.98285599464119,0.0
9.576050708166935,8.865586157519274,0.0
6.5709910186547695,9.362595300037563,0.0
8.69961517465523,6.987170654330336,0.0
7.0109065136199975,9.326436110533884,0.0
9.10900479023433,7.268027696571018,0.0
9.66669198799785,9.435026999942568,0.0
7.55928365732779,9.397971844193474,0.0
7.225956871641229,8.802434367737677,0.0
8.814860246368333,7.934182905723171,0.0
8.223198722310377,9.635509297509731,0.0
6.327254689127175,9.506849482188382,0.0
7.205945041016485,8.141121780219837,0.0
7.456265140745295,7.564606072787009,0.0
7.681306975895711,8.937123335387815,0.0
7.424826245234069,8.445023269398233,0.0
8.181177765291409,8.379859965293813,0.0
7.970740751442383,8.438051022989741,0.0
9.15016848973708,7.031610015240204,0.0
7.736858824064302,8.243046425908098,0.0
9.92201175237814,7.529243033344617,0.0
9.760471829004524,8.502568287552673,0.0
7.888613661574762,8.831061471454127,0.0
7.633953655157062,8.18202859948404,0.0
8.252121481552662,7.569783902453042,0.0
8.32240914075215,8.697716716635828,0.0
8.95910238354608,7.801061906542483,0.0
9.895761561757856,8.526476800281815,0.0
7.002300473693541,8.317075684370455,0.0
7.936281032167789,7.153033555634913,0.0
9.64177021021468,6.995554113732997,0.0
8.778584864716994,8.885414620764639,0.0
9.412443523122317,9.252648377962908,0.0
6.863090686516966,8.95658846320519,0.0
6.111160874726428,9.098734216638777,0.0
9.629455547236711,9.941014614280752,0.0
9.718619000251037,8.555771666712076,0.0
9.930592521745387,6.660240220379982,0.0
8.13838513980016,9.344576515434012,0.0
7.111487681592115,9.284053365348305,0.0
9.45634937187752,9.442456782797365,0.0
7.417453195387135,9.404825393497608,0.0
8.60142028723975,8.33450976650102,0.0
8.318421089148233,9.744286559295077,0.0
7.349156082615203,9.867758298259064,0.0
6.302694966703041,8.871844425732746,0.0
6.702536529597465,9.102054385969195,0.0
7.319251819417325,9.95266717767693,0.0
7.104788242155511,8.88918917079127,0.0
8.385488271532267,7.534083500487274,0.0
8.377937727334187,6.64888911128004,0.0
7.865265259659303,9.347991815135185,0.0
9.10407363451148,9.463700623706906,0.0
9.599409976554188,6.3906741784580365,0.0
9.235855844855138,6.382934817636899,0.0
9.701163072858265,9.268973097508464,0.0
6.842787057589616,9.953860830878789,0.0
7.540161281856795,7.724343584648245,0.0
7.618362761210864,9.107599445818172,0.0
9.556283071761404,7.745042249125942,0.0
8.567289716940625,8.205402095290859,0.0
8.79251262164277,9.48479097195982,0.0
9.31741195985921,6.766723294170887,0.0
9.011811302863409,6.777220102113195,0.0
8.387653643410154,8.69693324344276,0.0
9.058858728896109,6.961002649235985,0.0
7.392713979076444,8.130248556880144,0.0
6.159842725228365,9.730132322344852,0.0
7.396452121717049,9.724714370426032,0.0
6.13024805715536,9.601645358217215,0.0
8.560277376126038,6.606941236660251,0.0
9.043395018353465,7.223402008295544,0.0
6.870552632646525,8.815336304592277,0.0
8.683009459701886,7.623935419690189,0.0
9.543474144171618,6.079893849961938,0.0
9.03174709731685,9.915657738349488,0.0
9.666579445888813,7.602285699823701,0.0
8.899456956414667,7.453756283603318,0.0
9.207772403051775,6.348160258027271,0.0
9.235510014117729,7.790162850192978,0.0
9.45126668445713,6.800107170989959,0.0
9.058040654913114,7.175030903228851,0.0
8.755580298711529,9.645466027214024,0.0
9.62945052730568,7.005599687739824,0.0
8.830367721525466,7.708653082404298,0.0
9.375771462157497,6.906845671536321,0.0
9.532709940738552,7.039898486516329,0.0
7.563927448729046,7.716221004949935,0.0
9.517865470844344,6.585924939545771,0.0
9.710302138328611,5.537344275517459,0.0
9.658069180711411,6.0017507575825535,0.0
8.232779611153786,9.993628055500023,0.0
5.170644064166523,9.906683062229805,0.0
9.651644435234063,8.571789341223448,0.0
8.338956287411293,8.212867730453079,0.0
8.34158209077209,7.780127782048471,0.0
7.05379734777234,8.231977570259163,0.0
9.734792106883438,9.322557059164826,0.0
9.365339121812433,7.282538149160587,0.0
9.08199389508803,6.126423704051688,0.0
9.352280859911913,6.129567094888393,0.0
9.3002030865341,9.31766284790532,0.0
9.7320592156225,7.1716445613634106,0.0
9.803173944720866,5.269332597269037,0.0
8.901734597599201,9.87041716400478,0.0
7.669600456410023,7.894639169381409,0.0
9.878215531450875,5.765587575398224,0.0
8.490751365223803,8.203589040906316,0.0
9.575201647852406,9.303916891434389,0.0
9.53934702300234,9.541987176964206,0.0
7.2475250091973535,8.044102388709627,0.0
7.159116124248282,8.807169942502371,0.0
8.912854011729298,7.679584691690882,0.0
7.940822919618192,9.645896983790204,0.0
8.570289356402565,8.513675493965618,0.0
9.340893931508042,8.38839843209601,0.0
9.051156304856404,7.180255719079418,0.0
6.680285023771935,9.788820866743322,0.0
9.644878687589332,7.635180528257315,0.0
8.183180224260386,8.979200930027124,0.0
6.897448598967603,9.966706199962532,0.0
9.142098852431138,6.493058809033365,0.0
9.183735919781864,6.620429009943121,0.0
6.640610101773572,9.06616057854887,0.0
9.334332137523653,6.272579826565298,0.0
7.136788566072764,8.811212218947478,0.0
9.30997129513606,7.633859270636957,0.0
7.7381837461856895,8.56703113106266,0.0
8.2849586554562,7.399916098849044,0.0
9.33769214946986,9.756977722675082,0.0
8.733000480199761,7.985853570816541,0.0
9.79620192646204,7.753933076730037,0.0
5.237482919844773,9.776443593785508,0.0
7.559282826059953,7.481775321673936,0.0
7.593000369138401,8.347597236901336,0.0
7.5583863299562335,9.75536724307594,0.0
8.006111665557814,9.637372378868331,0.0
7.982815326307449,8.156978041338043,0.0
8.46616455883441,9.650272692855271,0.0
9.244349867465012,7.410554719730808,0.0
9.458476556571584,6.012416431382902,0.0
8.483922479006466,9.266237585990106,0.0
7.824980525697638,8.659103928560297,0.0
8.438174831921867,8.705973837622054,0.0
6.459348145624397,8.78983379531817,0.0
9.526505502608716,7.703529427500526,0.0
7.064537052154218,8.279731394244568,0.0
9.72887523574295,9.856665912625758,0.0
7.363175997222968,8.191018207403367,0.0
9.67707425013132,9.683027330907809,0.0
8.056146412232886,9.655577216747478,0.0
7.978747191384468,9.130514769940229,0.0
7.370314378626749,8.469418142752746,0.0
9.154828605579368,7.089561456742889,0.0
8.72189995161334,8.881640630282892,0.0
9.969114376687656,6.900678614451506,0.0
8.724140602547653,9.73203883888766,0.0
8.946191699411397,9.546778219046736,0.0
7.64540219816425,8.630899683084579,0.0
9.09529584243173,7.834470910913364,0.0
6.137777007542021,9.911186841898672,0.0
8.95612519037382,9.860170127043272,0.0
9.57227770247285,6.21720280482866,0.0
9.857784107708026,9.04512330057362,0.0
5.8850690786757,9.87884446421302,0.0
6.631830333258323,8.899422691305794,0.0
7.313121847409786,8.755939449200218,0.0
9.469894504036438,6.005244619590096,0.0
7.64758317736605,9.262333678214652,0.0
9.052030526139632,7.092986725351887,0.0
7.355357858998079,9.355596679767167,0.0
7.155768817821796,9.76302086133074,0.0
8.5631701428945,9.836785425700786,0.0
9.100541292365527,7.099158343061866,0.0
7.098484500033145,9.657409805968394,0.0
9.606471364938216,8.64903450288119,0.0
8.373256867877828,9.229883428440488,0.0
9.106704523642648,8.511350245350986,0.0
7.569652436649563,7.938928495037459,0.0
6.392544403030555,9.110330860515711,0.0
8.051005347612922,8.10726223531682,0.0
9.2301595713816,7.930521864579813,0.0
9.352782518766483,7.564769285449172,0.0
7.2410310649227325,9.381345385585549,0.0
9.512410194282795,8.88394671150526,0.0
8.555156551888354,7.762225795565314,0.0
8.75331551715435,9.967916468437044,0.0
7.256672580646494,8.341060929472585,0.0
7.712018074920507,7.85934359103851,0.0
9.51376681598213,6.719984898720176,0.0
8.487706330785622,9.830416230112949,0.0
8.232889210262206,7.269932722130683,0.0
6.974490351125352,8.276103346035534,0.0
7.466716485464974,9.989204233385207,0.0
6.356439879072152,9.432747987593894,0.0
8.743731082410154,7.559861530463998,0.0
8.27689002837619,7.89606796543774,0.0
8.671918967732797,7.676867207621234,0.0
9.683468768444792,6.147148909479928,0.0
9.76664591541348,8.04543479516435,0.0
9.471809738468869,9.780663078580426,0.0
5.339833288003105,9.867249856431831,0.0
7.8338628654639155,7.387331506278302,0.0
8.14271675714888,7.408649823691624,0.0
9.700843252321004,5.33057577343849,0.0
9.77246006114621,6.373432196779028,0.0
9.263849095619692,6.518478977442252,0.0
9.478839146399032,9.87448742805875,0.0
9.337993754638308,8.831088032299057,0.0
9.53325989231556,5.9839442840922255,0.0
8.173874443908213,7.102817296628351,0.0
9.500714087749383,7.615271132826922,0.0
8.9198050063267,7.465762980361042,0.0
8.093841690164611,9.032173937904185,0.0
7.809218502826277,7.437638984266345,0.0
7.637911498257553,7.75564230721799,0.0
7.489082574479681,8.981772400716586,0.0
6.179269759448557,8.988482895801457,0.0
6.919605744898956,8.40989396480608,0.0
7.202830777148734,9.165542097872333,0.0
9.121583790835396,7.544754595563776,0.0
8.86811025876998,9.580110798349024,0.0
7.223450072867703,8.709896149991517,0.0
9.01960731536048,9.50413809720702,0.0
8.519058860015678,8.987814033656662,0.0
6.607978561212158,8.928634640418315,0.0
7.877982872517787,9.84605429177132,0.0
7.320290118869962,8.119997146004332,0.0
7.898439011796562,9.434809908469315,0.0
8.430249729610699,9.72807447594846,0.0
7.593098800582009,8.706275884502926,0.0
8.199740825817091,7.318712744684852,0.0
9.813193683820018,5.319906835914359,0.0
7.635639618261315,8.983123226170036,0.0
7.66847667785899,7.491986512406594,0.0
9.047300474819991,6.134070432491946,0.0
5.609622409928407,9.41668883591914,0.0
9.460626486706415,6.8607925927905145,0.0
7.523346187082343,7.844027386615535,0.0
9.499395176394131,8.328934413132707,0.0
7.514258372269031,8.972073240197272,0.0
9.01367924099572,7.430787682001105,0.0
7.659896948129115,7.729025425926043,0.0
9.62671315371017,6.993106715787486,0.0
6.679351291923654,9.736608130768584,0.0
7.713507107349499,9.906726056201787,0.0
7.643380533121999,8.430863423598721,0.0
9.168599769898115,6.61480533063682,0.0
7.866196036317285,8.582963477513415,0.0
9.151312422523242,8.922208851753169,0.0
9.322202911731722,9.151906693172654,0.0
7.733880567300706,8.779321229286705,0.0
9.8639305129307,6.044098416004279,0.0
7.832599805264274,7.956352690722674,0.0
8.189483516078857,9.477507153241126,0.0
7.371409944826782,7.833976730425602,0.0
9.225524766877124,6.07627666458503,0.0
7.083861099783652,9.861486725055824,0.0
8.114582547519579,7.960806283634132,0.0
7.770887549381004,8.364929945585661,0.0
9.209496064996236,6.833600339513128,0.0
6.525958436987374,9.228896410290192,0.0
7.735351653886568,8.588459317632749,0.0
6.8535556441250005,9.62086225700433,0.0
7.261310439385541,8.793621422640747,0.0
9.49934533039922,7.242827913333842,0.0
8.391211713219127,6.738436753093256,0.0
7.218377305509398,8.038127913881981,0.0
7.398403559783747,8.587705707275331,0.0
9.864732512900504,8.870625040531916,0.0
7.347256424461732,8.205517291437479,0.0
7.991675541297245,7.11228414093031,0.0
9.913554015517148,9.547386240919144,0.0
8.987383511299603,7.252820869435083,0.0
8.431329527438878,9.548061708011234,0.0
8.767482210791936,9.90748706926614,0.0
6.351250246422151,9.092563464439143,0.0
8.91356031978343,9.134056272778198,0.0
6.457424228148905,9.386721374788138,0.0
6.78875230022932,8.778405105608861,0.0
9.895709595169931,6.767374370828811,0.0
9.219893828181077,6.253663837062902,0.0
7.815963427684627,9.065757194803789,0.0
8.469205656021073,9.552450234161626,0.0
7.220836837118661,8.943316952223277,0.0
8.013704967703815,9.78899630656433,0.0
8.755363406026943,7.348030064257287,0.0
6.6846149456863335,9.840174061020509,0.0
8.914193419698579,6.876615732501197,0.0
7.280382766020886,8.81344013425006,0.0
9.772828226564997,8.221269011626713,0.0
6.821669078696599,8.533395868897317,0.0
9.897544412193527,9.485295312709042,0.0
6.951431047262653,8.866929358234264,0.0
9.299726791570762,8.486888576581546,0.0
8.72781489234874,7.47557071901416,0.0
7.301438553252817,8.43019551044441,0.0
7.058532617488501,8.86693456913873,0.0
7.869773084439561,7.864135036917064,0.0
9.309517735733134,7.485970993181165,0.0
9.086447494467311,9.808423263156042,0.0
8.63062223769142,9.081357710602072,0.0
8.653688531328369,8.564747387420217,0.0
9.65676414857935,8.035432701387533,0.0
8.627772209411717,8.498881434519447,0.0
9.596517828478422,9.849612426664528,0.0
7.271879305708691,9.410005067357204,0.0
6.391372233586885,8.940974245924732,0.0
8.98784395989381,6.633852283191818,0.0
7.063633396800406,9.86104592135366,0.0
8.738592802308661,8.520616991110352,0.0
9.562719852639006,7.783943838541999,0.0
9.109806380439467,6.878227701297646,0.0
9.261033382516016,7.494168303562599,0.0
6.873413018126997,8.212869650228651,0.0
8.973390707810996,6.29905287256867,0.0
9.94060782988291,5.901382240076558,0.0
9.878300376421896,6.316873950986653,0.0
9.752103603438478,7.38411436369481,0.0
5.729518385951668,9.479458329695664,0.0
9.696668086898136,5.525368436313629,0.0
8.387761889856474,7.091613155721963,0.0
9.869286342031408,5.560742857259445,0.0
9.80286389256088,8.36185924081173,0.0
5.686391483190572,9.540242844744682,0.0
9.76763107959956,8.04141575693165,0.0
8.382241375725387,6.90758085471514,0.0
9.274928761068049,9.791996214479372,0.0
8.420051287102195,7.8090231348803325,0.0
9.68501055127036,8.457158600155447,0.0
7.9033464543451535,8.07424355013871,0.0
8.020444537376006,7.141780996532956,0.0
9.072518928837049,8.082355292330126,0.0
8.669329238536609,9.411593269554851,0.0
9.16234337846394,8.726668868727206,0.0
9.50373433277395,7.619992877354504,0.0
8.885114916807437,7.902075275481292,0.0
9.461988792006084,8.052460717766259,0.0
7.75345153496942,7.62664299612813,0.0
8.767846509233685,9.630130940130282,0.0
7.31906976039493,8.823822225384882,0.0
8.891153928716657,6.410608651900845,0.0
9.31227882529128,6.959752242626395,0.0
5.702949852393504,9.985795212654407,0.0
9.535903655699435,8.26738218927375,0.0
7.879053582508063,7.714741352380347,0.0
9.237213991304984,7.9745026528016,0.0
9.625700264806271,5.819993782772006,0.0
7.106272899973884,9.023250630996715,0.0
6.9894439432731845,9.736614020424978,0.0
7.549132705524308,9.578083220646272,0.0
9.196887280905372,7.16840929053652,0.0
9.479431782104196,9.079074814696256,0.0
6.617389341979946,8.699337697910135,0.0
9.72229595636849,6.771115653722547,0.0
6.147747029148647,9.827653965766183,0.0
9.165695342522527,6.1847538848227,0.0
7.824681141970098,9.457895705667491,0.0
9.053639669056071,6.682793614816114,0.0
8.14724232920719,7.204578974381262,0.0
7.737844982595926,8.24568491733339,0.0
7.933878623390406,8.842823045154306,0.0
9.917598790431777,7.770971674137876,0.0
7.481797263513682,8.47020206447943,0.0
9.460443611000764,9.156123420746608,0.0
7.605420380266716,9.390310404925213,0.0
9.91071395030452,5.943267509836256,0.0
7.944389430108746,8.171441929953646,0.0
9.93233991901694,5.575574732654132,0.0
8.154535896435647,9.476627809727091,0.0
9.644120496705046,6.279221571617301,0.0
9.798200926016674,7.621774571827072,0.0
6.594760581382781,8.477814719302838,0.0
6.198346518955489,9.027948317970624,0.0
9.834394887046148,7.159878544475326,0.0
8.533048894549035,8.372840352775905,0.0
5.72073238559431,9.890366396873183,0.0
9.423799414527142,6.90509584894743,0.0
9.106753083487932,7.72243018698494,0.0
9.75394852271326,7.412590366335325,0.0
9.161881187543468,9.541459612713613,0.0
9.311144351692514,9.838483321337218,0.0
9.37273886041773,5.706980167179697,0.0
7.6483002606594575,9.436609001321388,0.0
9.496003909211996,8.671018075257411,0.0
9.73442233193624,5.669197652536236,0.0
8.621971677724305,9.17843665776883,0.0
6.479528064081287,8.853114336473327,0.0
9.905610327168338,6.585335447984974,0.0
7.48074866359538,9.759611247040974,0.0
9.541490555130428,8.330784734936433,0.0
7.4050650730400385,9.482233236150382,0.0
7.926930111502985,7.578396441924978,0.0
8.165353670286825,7.045343751027373,0.0
6.026023397553455,9.9632205372987,0.0
7.076202314767677,9.243908107069515,0.0
9.284253850455476,8.180765988661244,0.0
7.012692503421435,9.142879841537695,0.0
9.030803451038144,8.726186354027314,0.0
8.176826201152089,8.397506589713137,0.0
9.004730017807109,9.30209184014586,0.0
7.105516016280904,8.356196284337361,0.0
7.511544732475292,7.7764455420570595,0.0
9.449112714941435,7.054027194705956,0.0
9.558580189702043,6.379099819124027,0.0
9.462337089008129,7.463597496524209,0.0
7.84907127008964,7.599081731076641,0.0
9.92358403496905,9.141259799276993,0.0
8.991602478184303,6.685294643636718,0.0
9.324927317806766,6.408536101088042,0.0
8.701063736729308,7.0339448187469,0.0
8.177414510637316,7.77541171340571,0.0
7.775646199311776,7.666754475528144,0.0
9.123315309334446,8.908122373551109,0.0
8.747010030748122,9.940304197080817,0.0
8.764309342922248,7.88609009774356,0.0
9.024404913184782,6.801453078891422,0.0
7.197517233750328,8.20348634074416,0.0
7.073161705777958,8.791387899658394,0.0
7.836112343683686,7.892295148997547,0.0
9.485961984412953,8.234143053707932,0.0
9.565318771552912,6.289474787797916,0.0
7.079459895363672,8.737509292385612,0.0
9.937263737452874,5.114646093871094,0.0
7.894094393137721,8.81298537932699,0.0
9.86616527324632,9.046421742573196,0.0
7.278434071232944,8.211861166720002,0.0
9.364953008816263,8.113940264166072,0.0
9.191320449963564,9.551914008014917,0.0
9.85545616614619,7.466743102228487,0.0
9.8822130990384,6.439614259617369,0.0
9.503618977356783,7.57927284677068,0.0
9.38364831164155,7.925887156055155,0.0
9.783237151216706,9.293180366485712,0.0
6.896338295421288,9.69493052779686,0.0
9.076445628913769,6.812662467447892,0.0
8.946831192444899,8.064061598398505,0.0
7.987197477717975,9.123207361468353,0.0
9.876250725329625,6.24667544941577,0.0
8.579076682372337,9.931191631296032,0.0
7.319821205776121,8.871894693171472,0.0
8.27311985035138,6.889168066266094,0.0
9.21947861807071,7.084542760593468,0.0
7.455126870080183,7.669688073419081,0.0
6.741705439221294,8.809877399759106,0.0
7.458958598232728,9.114403566096431,0.0
8.575170540843656,7.496216677522468,0.0
8.859856862619322,9.13202497250677,0.0
5.6948547996462136,9.766605098956887,0.0
9.804634517776693,8.998204219285999,0.0
9.00997989332239,7.799064178986397,0.0
9.60022641509696,5.613971575131246,0.0
7.078478728650239,9.95210487986342,0.0
7.692465817349666,7.920057999224152,0.0
9.679417365400278,8.701853595507968,0.0
6.89995646207487,8.48118894692835,0.0
8.645076678152945,9.386397447483706,0.0
9.507949176917286,5.966022726933689,0.0
6.385392026045283,9.23705870996953,0.0
9.53441844511891,9.263134600656006,0.0
6.281775323329207,9.315469612772732,0.0
8.74479623783741,9.513468019715964,0.0
6.134600154084319,9.660017643084696,0.0
7.340830978382398,8.54463050040623,0.0
6.816470060001835,8.622469791348383,0.0
8.196310174800892,9.54310219012336,0.0
9.546326261089716,8.629786955078522,0.0
5.492122269830712,9.968372765633385,0.0
6.025004217835697,9.074293581517251,0.0
9.576487414322065,9.294832696305104,0.0
7.780348014578583,9.1425332485305,0.0
7.221003680661997,8.121757529815966,0.0
6.375385985916532,9.690391883273648,0.0
9.953944406779044,7.673264317716383,0.0
9.940078241984128,5.645335462714333,0.0
8.75270556196533,8.725786966102662,0.0
6.2154623495261685,9.450702616913976,0.0
9.088993023714483,6.8326353986352775,0.0
8.046211251509973,8.465115143420668,0.0
9.968253459849956,7.0186735857734295,0.0
5.729580347051552,9.908023134886433,0.0
8.948901600697766,8.437501964261628,0.0
7.61979760236012,8.190597664331257,0.0
8.374761209581084,7.860444460204415,0.0
7.943160625892396,9.4682514393115,0.0
9.92016414182398,6.590634771577484,0.0
5.838331325303559,9.987806814971416,0.0
9.997541830873454,6.517657633065561,0.0
7.481590447443693,9.951599661776868,0.0
6.627954653757748,9.002210417095993,0.0
9.0915937508851,6.66163755885306,0.0
9.987831519887902,5.575345218121654,0.0
9.162308392147624,6.615213997791986,0.0
8.010919718376627,7.161334952559236,0.0
9.713925919580998,6.617763113631744,0.0
8.624326653817127,8.175454332125671,0.0
9.795141381220583,6.637944903488045,0.0
9.913355276483744,9.380061648798351,0.0
8.246077265644754,9.30516545572183,0.0
5.749227416197731,9.876842080998037,0.0
6.27544190227142,8.923535696432197,0.0
8.769975306733693,9.159383319090272,0.0
6.961926097929204,9.842568385670395,0.0
8.641052637664103,9.699249256280488,0.0
8.823090467816185,7.265675889621409,0.0
7.911321275814995,9.039243129822657,0.0
6.224065095227735,9.771485283126031,0.0
7.564106986215641,8.284170683852494,0.0
6.335107354394614,9.24674911726474,0.0
8.745264648906096,7.558944485079284,0.0
5.24271523131775,9.933823061165407,0.0
8.48916683558427,8.79107169870729,0.0
7.561268472151736,8.857961759335014,0.0
7.330145901080405,8.568861307442148,0.0
8.565094308266278,6.8083224873573815,0.0
8.144067085245293,7.019543287452174,0.0
7.191756422796166,9.193204861715085,0.0
5.955552359285004,9.09311197281221,0.0
9.789016205950466,7.494945059809298,0.0
9.359605926086356,9.75997422545181,0.0
8.765417335052582,9.752084435215073,0.0
9.84097949625457,5.759806202203488,0.0
9.340750466875562,7.593669624707714,0.0
9.29278591013176,8.549104274520948,0.0
8.385014009376675,7.68693906204839,0.0
9.765953912106022,8.938351380961693,0.0
7.969966171169983,7.413347109799352,0.0
6.493503780793965,9.113546380314451,0.0
8.138374362868282,9.417387812183424,0.0
7.240400003343304,8.452671629707984,0.0
9.395419462994315,7.309111547303435,0.0
6.517401226455075,9.392277634793231,0.0
7.174554066998774,9.192154035319266,0.0
6.875835322001103,9.623205032085128,0.0
5.926791505078091,9.265034780458109,0.0
8.055329776257642,8.720509966673188,0.0
9.611796096907652,5.424165939251026,0.0
9.677187220762503,6.525980167651719,0.0
7.648698904674735,9.265533972173513,0.0
7.828562827744515,7.262232188240616,0.0
7.928703529934932,9.091083876144934,0.0
7.607031524605974,9.211754080664097,0.0
8.51478239105965,7.051450212928579,0.0
7.748159521697088,9.931456599145037,0.0
9.719567805784934,7.005910347630345,0.0
8.83767542122645,7.496154386848255,0.0
8.984974264555488,6.950348771799046,0.0
8.76038981866142,6.436237117779219,0.0
7.71423515586412,9.26069878057155,0.0
7.012483442296667,9.686320608223149,0.0
8.83544725543825,8.967476499362183,0.0
9.592156582480062,6.19391936330815,0.0
9.785165349945236,7.112808073812508,0.0
8.824771566168124,9.864110933822989,0.0
9.718884913438108,8.937754383622984,0.0
8.989401609403792,9.662843550849182,0.0
8.772584473058863,8.701293026010239,0.0
6.563174857108205,9.670365923714908,0.0
8.632957524666335,8.379652634760355,0.0
7.324377573453987,8.948318240179628,0.0
9.937442993925597,7.020682116988261,0.0
7.296491726417628,9.638977404609417,0.0
9.793317965968017,5.854784917691806,0.0
8.09585630888399,9.2562527512851,0.0
6.826329103273619,9.292267804590042,0.0
9.735279319585274,9.12111760885382,0.0
8.718008737409585,6.533612679139907,0.0
7.145050722362684,9.475547142493252,0.0
6.179904364423803,8.954228322901498,0.0
6.8314993154286165,9.994401835205796,0.0
9.37211507460206,8.0196941863177,0.0
8.839508909672215,9.979524904343972,0.0
8.133254376546356,7.1668406894120205,0.0
6.812357033083559,9.491394213889256,0.0
9.515153323876198,8.25903818681181,0.0
5.517384049324477,9.568372876705226,0.0
9.781346058506466,7.921369684018218,0.0
7.310959561284753,9.764218984670526,0.0
8.289310783967407,8.562961087528006,0.0
8.346155377435295,9.87665784045866,0.0
9.419767756370982,7.373046446366448,0.0
9.671987321448428,6.493432452950913,0.0
8.288730128261156,8.27720420790581,0.0
8.159717578942193,8.13986789790332,0.0
6.198625540611163,9.32271733636619,0.0
9.20217453611964,7.395250382746399,0.0
7.066188343984382,8.95431425212906,0.0
9.250261234364576,6.045729571225749,0.0
6.923320451353849,9.42871686680077,0.0
7.05246465442111,8.442376681105593,0.0
9.00831960679276,6.9698084091020265,0.0
7.131361299877145,8.631365787804256,0.0
9.34610593683492,7.369876703470648,0.0
6.371705913344236,8.87859021891273,0.0
9.464016305184026,8.02073943490363,0.0
7.993395413947937,7.973307373704461,0.0
9.952482115149762,8.091737797604425,0.0
9.205105895111076,5.965253366234352,0.0
9.671307416459909,5.54333691794365,0.0
8.524574670505919,7.332931141162052,0.0
9.63694963606826,8.33892959623528,0.0
8.981721381900988,9.298478505383889,0.0
6.855849312386475,9.328927487555577,0.0
7.878014929770982,7.670052943712954,0.0
8.000155271629053,9.06756067111019,0.0
7.310844015867132,8.924896089730213,0.0
8.197835219595543,8.784819575051426,0.0
7.594347352173512,7.736619241461065,0.0
9.078490544348266,9.477967742886094,0.0
9.71963462712197,6.21019752567863,0.0
5.891670422068533,9.556669757257607,0.0
9.996400080534796,9.538148452703586,0.0
8.412445088453262,9.295157181751655,0.0
8.496327959804958,9.739845452055928,0.0
9.379811259687113,9.083778216406268,0.0
9.631876614574711,5.54152247576046,0.0
8.145666001841157,8.56846298552889,0.0
7.319091216145107,9.490634127025542,0.0
9.6937555672845,9.211837732529176,0.0
9.970688664645666,9.514278640698135,0.0
5.9679282305534285,9.920483919394188,0.0
7.748240524120779,8.774965384040208,0.0
8.204013257727434,9.940172731008373,0.0
6.827406395078215,8.604076618975562,0.0
8.380952835304555,9.215718984776716,0.0
7.736323342098398,8.408825880725946,0.0
9.831768423738392,8.75122699660796,0.0
9.11637388621434,7.218116761472625,0.0
8.669722208284478,7.095569488452782,0.0
9.540633919446822,5.993352115317066,0.0
9.235833414745008,6.401011393957029,0.0
9.004338546866897,8.73923157036614,0.0
8.698581274494398,8.012059033479837,0.0
8.345956021260765,9.721716049426313,0.0
8.279392478850545,9.090128945261045,0.0
6.71938581558873,8.934850305427686,0.0
8.719543443109906,7.136899568274011,0.0
8.448119240445294,8.96278168866218,0.0
7.278641723355053,7.78789725738795,0.0
8.433868807421419,8.718074860988782,0.0
8.340673751647907,9.454088380147075,0.0
8.851503243948034,9.829599173742965,0.0
7.974989978992896,9.528525105811651,0.0
8.18021881505705,9.358985162550248,0.0
8.851821238107018,9.131921786317712,0.0
9.678429513603836,7.538273110920875,0.0
7.338667582009286,9.853109099832077,0.0
9.434631061393176,6.19689558282627,0.0
9.532842630686453,9.53727832344227,0.0
9.877632605937093,7.619186454738674,0.0
7.821587949375766,9.548033138352393,0.0
9.83807577311416,6.183357875667902,0.0
8.186447509888913,7.59791854009093,0.0
8.494805506631394,8.480119421197438,0.0
9.574263091808016,7.300403336677017,0.0
9.572057902715198,8.85797455225498,0.0
6.199714268521643,9.419494796887642,0.0
6.975264906003615,9.808444591303957,0.0
9.925390562775013,8.112053078152396,0.0
9.841900734862795,9.100539553018836,0.0
7.690231607072545,7.763807421233503,0.0
5.603885134079793,9.499357064398108,0.0
6.854482658838691,9.277536176895277,0.0
7.915764044492826,9.829819659170935,0.0
9.665285030805236,9.331582338947928,0.0
9.018607101664614,9.791346176461342,0.0
7.5389429851285215,7.877593724824877,0.0
8.628663704216166,8.444300512061352,0.0
8.365896163536222,9.3397704419592,0.0
7.712480876212282,8.803578859233285,0.0
8.550033733148185,9.396398530181443,0.0
7.507541578418412,9.213276836606653,0.0
8.854921077820476,8.562460754531427,0.0
9.682666493516647,7.921992043667064,0.0
9.646446177788832,9.644835489119227,0.0
9.602301356463943,9.62217262684208,0.0
9.56946266604071,5.692437268512018,0.0
9.9262179138512,5.607859873792416,0.0
9.404560403094296,6.611731505708524,0.0
8.862707277115009,9.039623198674356,0.0
5.604255805391914,9.7522472097741,0.0
7.176697248347673,9.05831065419958,0.0
8.849506245472893,6.364542134137038,0.0
8.031699586881526,8.79160738724012,0.0
9.048923165025704,6.382479813173515,0.0
7.404954532144869,7.745432759309483,0.0
8.844689445129635,8.509055058647366,0.0
9.124449965012072,8.214406272279497,0.0
8.075429607460753,8.984325246983882,0.0
7.015588882946851,9.082912476745404,0.0
9.598163822769278,6.864525345755267,0.0
8.651541032887549,6.555897650943889,0.0
8.056955679150516,9.467607543336303,0.0
7.527580127025403,7.72008793962041,0.0
9.303701765745004,9.446270329017263,0.0
9.306009104284431,6.206866317039768,0.0
9.413619758239587,9.892162731777676,0.0
6.894056016719468,8.771127376400878,0.0
7.284136028910952,8.809819791539512,0.0
9.408483395846476,8.42301953993178,0.0
8.53906827142927,9.398782609362906,0.0
9.493959053847531,8.611643866691622,0.0
9.696768243610546,5.905256648381931,0.0
7.588599537481348,9.517692740558983,0.0
9.637698172762406,8.229473091842785,0.0
9.285174598915464,9.790571221506276,0.0
6.721445836542942,8.508880805077789,0.0
9.666993203307308,7.596975306054631,0.0
8.671775084678426,7.360798336023878,0.0
9.72636903227841,7.234952882409652,0.0
6.482377384835628,9.361706797421435,0.0
7.545846673038604,8.577493037176732,0.0
6.549656805521199,8.473339521924089,0.0
9.66135368773656,6.801283042469586,0.0
8.293159118020089,9.690399257640989,0.0
8.37838300536193,6.942883319437505,0.0
7.992934011069897,7.682408105128969,0.0
9.301525209029371,6.91470699042355,0.0
7.72744079629028,7.348249825249375,0.0
6.503409173184673,9.756764128043958,0.0
6.340692742685362,9.87552285849038,0.0
9.5321162780264,7.020883683323339,0.0
6.814508933382715,8.84474926627869,0.0
7.332337921127503,7.962263576118306,0.0
8.371201467237125,7.5429535035252515,0.0
7.784857726388411,8.516265747303194,0.0
7.336054126277219,8.266287790114838,0.0
9.887569147610195,9.203561911817667,0.0
9.52951330994929,7.857880220366487,0.0
7.717978294791552,7.740990414402717,0.0
7.63298366147751,8.347254298131803,0.0
9.246210098527516,9.703067242218292,0.0
7.210395409258633,9.368372778560497,0.0
5.770894986717457,9.51829155044908,0.0
7.66345301581498,8.303429084062445,0.0
8.005559012268883,8.804652024311913,0.0
7.578229066967602,9.07537245111634,0.0
8.288286062497344,8.269406001485653,0.0
8.442200848672753,9.288873069426298,0.0
7.751880159934368,8.079113139695558,0.0
9.652703969494036,7.4052060147706,0.0
9.60609048732408,8.260834699233472,0.0
8.896457674522612,6.635431285129634,0.0
9.83197840237223,8.174450532238179,0.0
9.275055090555966,8.609329341244983,0.0
9.134397012825398,9.594614554602137,0.0
7.5832571060861955,9.840897439222228,0.0
9.306000444977805,9.168511113299422,0.0
7.091594336858563,9.879755729918577,0.0
9.91328211936077,8.251313996014147,0.0
8.134354472290365,7.843434138752675,0.0
8.17861394431877,6.9212390230181615,0.0
6.619291233918686,9.674707442218104,0.0
9.954442263047811,8.322351665930785,0.0
8.355751942251677,9.715732697749026,0.0
8.599289732747446,9.68316526219967,0.0
8.729967337460202,7.2364978773186195,0.0
8.319149816381653,6.726384674456709,0.0
9.16192662881352,9.38254719846523,0.0
9.062592043125523,9.048870609565329,0.0
9.438748540259231,8.914462416444552,0.0
9.881040968734473,5.847449459747485,0.0
7.759993339548289,7.954798968636464,0.0
9.292280325380275,9.905120368303436,0.0
7.921680592136326,7.241872622844233,0.0
9.379251971806797,9.999187481725803,0.0
5.144251736031812,9.934832282857792,0.0
9.6059104711406,7.611254579838709,0.0
8.989968860413548,9.356809770301515,0.0
8.112371238464336,9.657882289427263,0.0
9.17676704903696,8.132200647044888,0.0
9.192991019531435,7.948821135633876,0.0
6.738827701394955,9.409364485030135,0.0
8.199191207466338,7.511539752939655,0.0
9.172500612323477,7.393513725927248,0.0
8.422385389179828,7.752706082017644,0.0
7.883175375084738,9.964234896819374,0.0
9.54229864026655,6.426386060233215,0.0
8.313415388063811,7.691884367718938,0.0
6.439411872789732,9.1779448660144,0.0
8.304789488620571,7.678669070214424,0.0
8.595672783486611,8.52242105801102,0.0
8.829771295282132,7.092100164973769,0.0
8.925749546181374,8.456309382495919,0.0
5.74272416466464,9.849530463919285,0.0
8.329916740872395,7.992874165778591,0.0
8.32202158898997,8.44299806933546,0.0
8.265753662066595,9.31073475455301,0.0
9.787212156221573,7.843621918114858,0.0
9.353038567239944,6.537190466734474,0.0
5.945970539350396,9.706875036021444,0.0
7.133265100586067,9.47126517453929,0.0
9.961498684107198,7.645046107882933,0.0
8.577144760474647,9.239484174305876,0.0
8.912543244978044,7.442089418267519,0.0
8.70603882406901,9.21413261115472,0.0
8.19875779027438,7.768252285723578,0.0
9.517417372587218,6.96020192617616,0.0
9.60927098040939,8.558186627034006,0.0
8.625691332316821,9.009482152459588,0.0
5.639647593218712,9.453572315594256,0.0
8.242695545885763,7.81716448775959,0.0
9.20687534448152,9.309093648253768,0.0
8.91317334683918,6.659324330579327,0.0
8.208704456893788,7.761508299167603,0.0
9.20749947308887,9.614771353151708,0.0
9.791046818419431,7.426230953852714,0.0
7.312902193648064,7.777560867394367,0.0
9.376682301236224,8.469511739072516,0.0
9.618936779945308,9.676233217670925,0.0
7.498069213938571,7.877440653185425,0.0
9.927632902790656,5.072863061467193,0.0
8.162290084333998,8.030104752626658,0.0
7.6759605056173505,8.896945236825665,0.0
9.084284515970117,9.088743132614171,0.0
8.238991678796044,7.3226679958238625,0.0
9.546434265194996,6.451416537956921,0.0
8.665854592924909,6.815848107791954,0.0
7.828816165213768,8.411493638228434,0.0
7.825536146810801,7.17973195609468,0.0
9.884710197069229,9.706385995929857,0.0
5.511150827618961,9.512731298085743,0.0
7.689516254215871,7.9389916639248606,0.0
8.578134108640622,7.204202137016469,0.0
8.990155903159234,6.5639302218410815,0.0
9.86231097169662,6.637210437476809,0.0
8.60862415886765,7.684470028641383,0.0
8.563501598860432,8.312898321868454,0.0
7.015685533243308,8.078698778934184,0.0
7.461521647855431,9.203526919701993,0.0
9.007320100384176,6.933142053100562,0.0
7.264189209980858,9.262418272228311,0.0
9.297261094916047,7.118027616022136,0.0
7.1014549927897,9.702142202689013,0.0
8.331086647488386,9.704599333389533,0.0
9.286515820034891,7.198587769434502,0.0
7.182891244402575,9.024566397386272,0.0
8.501939208282158,8.279127565865274,0.0
9.790028408364948,9.755964006007908,0.0
6.389672779601834,9.5961814464172,0.0
8.458261337156438,8.860120063095987,0.0
6.671644693885738,9.731141169158064,0.0
8.588375413909805,7.274138581509675,0.0
9.660336475358074,8.599639671969125,0.0
9.207976391616675,8.075852410098179,0.0
9.24907177944784,9.512652222297069,0.0
6.732361008327841,8.641634692057336,0.0
9.389914230448,5.614212509160954,0.0
8.777584044168607,6.294146804337476,0.0
8.564178401210832,6.651496149278691,0.0
9.587781393477998,9.720625010689162,0.0
9.50854554204288,7.151639951767338,0.0
7.842043094183038,8.56025821795236,0.0
9.547863678687447,6.623724486927057,0.0
9.117371855524738,7.62513205143983,0.0
7.463697868796244,7.698043198508056,0.0
5.400930341409227,9.82151576909499,0.0
8.682359709266724,6.993938421907007,0.0
5.7229641160565246,9.636329268961733,0.0
9.465722613500416,9.43593565909564,0.0
8.894443074579012,9.44766216763994,0.0
8.764751410034059,8.44087294129011,0.0
7.874329046912817,9.896785318238228,0.0
8.457197728985214,6.711640066393645,0.0
6.310235498495578,9.739575068200404,0.0
6.738447706333693,8.553129830016367,0.0
6.61806492843273,9.4222781616264,0.0
7.653208409833371,8.013375199727975,0.0
8.977617967315703,6.868029663273586,0.0
9.91161101690208,7.116105452200978,0.0
7.595712488579874,8.400864580432872,0.0
6.636887252211634,8.96367865583617,0.0
7.169897027372286,7.839974365843058,0.0
9.69133014941194,7.711899579018803,0.0
9.561688534609033,8.935039497714126,0.0
9.006187818351695,6.636362058720399,0.0
6.971634048177645,9.103987765556282,0.0
9.24484012146399,8.958472260064632,0.0
8.46505317589817,7.035633207621807,0.0
6.371328334680514,8.762049869723898,0.0
7.729179915330127,9.844407452909492,0.0
8.219789608392011,9.438895722472015,0.0
9.03408466834358,8.881456844807879,0.0
7.676495212962732,7.438011242134398,0.0
9.862702643194474,6.191997765694516,0.0
9.39206850785492,7.873423148797961,0.0
7.246108957010385,8.686204100226089,0.0
9.471795204028862,8.710786984969866,0.0
8.513159482362667,8.124338628053895,0.0
9.680987542135249,8.759453559116704,0.0
7.988894893495944,7.92462176632967,0.0
9.00793567102564,7.4326866636517614,0.0
7.142826327662717,9.88002367169844,0.0
6.851533119904488,8.693193931946437,0.0
7.813988259235004,9.380957220430332,0.0
9.861931294830672,7.852422318928895,0.0
8.288477044925902,7.580879650007018,0.0
9.212643101185291,6.155716910270705,0.0
9.831181974736742,6.9610039318655135,0.0
9.406408210775538,9.269463846241363,0.0
5.43267900433144,9.597642929185652,0.0
8.866480527352008,9.061709051070014,0.0
9.740944350798465,6.042800871517208,0.0
9.585437467251904,8.333888267178933,0.0
9.337221946505498,9.0507519539859,0.0
7.586216022453392,9.267535443637788,0.0
9.201328963347333,5.986901131705064,0.0
8.046107121392245,9.63138107750452,0.0
9.316207130162582,9.314225958625258,0.0
6.5997687858528025,9.904498242188897,0.0
9.551259820893424,9.886802490742904,0.0
7.811603380394104,7.203130734203596,0.0
8.057037546011996,7.424732476764041,0.0
8.477391627143593,7.697896464895441,0.0
8.507556149570474,9.733124836025333,0.0
9.137313790908651,8.337308640727088,0.0
9.550836859013332,9.60855566666686,0.0
8.164851197810238,8.30340503104593,0.0
8.222535521763172,8.146091316897484,0.0
7.68497835139513,8.257646880502586,0.0
9.77504130759896,7.63391250719687,0.0
9.466807555754997,9.38757254682032,0.0
6.739995941534788,9.977346134423446,0.0
8.34958605733307,8.575994855349302,0.0
6.706754282681475,9.955896792112854,0.0
9.087735498908737,6.180885095298202,0.0
7.874558026467133,9.48879481195676,0.0
9.144006697988566,6.05566665724658,0.0
8.77733709157075,8.351475897139506,0.0
8.7259929071466,6.661615980728649,0.0
6.917163245924459,9.660978604933938,0.0
8.818285015501484,7.982057951626985,0.0
8.650583918012202,8.09936797274114,0.0
7.502357295265086,9.155699865278178,0.0
7.26860614512708,8.097432894758036,0.0
6.37064775911457,8.790607387733484,0.0
6.71312325366808,9.698182413368958,0.0
8.873365436406951,6.371818808665947,0.0
9.231813283545444,5.7924986683728505,0.0
8.32216465223771,7.759549574833366,0.0
8.495461478219235,8.64830753335636,0.0
7.980978144969274,9.73400861340368,0.0
8.969004573779207,9.500396641450854,0.0
9.758387390243458,7.536222025951841,0.0
7.827427167096652,7.415269827114069,0.0
9.578774692045544,7.990035337468817,0.0
9.315794672662443,8.422015535434483,0.0
7.33876575875712,8.62062991362339,0.0
9.890855513387471,6.428730594585045,0.0
9.566339710427844,9.06697290312341,0.0
9.980341154498106,5.9059413471195175,0.0
8.009083131600846,7.59780019874368,0.0
9.512633382045694,5.906248806403451,0.0
9.37121546611702,6.171214545710416,0.0
7.456943023425819,9.22074724775294,0.0
5.844368883029078,9.818875286927057,0.0
9.858289446605893,9.874059536849453,0.0
8.129550830791178,7.791026841828499,0.0
8.459492847748374,8.173301580848262,0.0
9.60333587826759,9.79832829199763,0.0
7.415341821514381,8.504089545771599,0.0
8.262128349534235,6.935559269837578,0.0
8.591693367474305,8.592277401149591,0.0
8.557179102762847,6.916629271637861,0.0
7.0010523298806335,8.84360882260799,0.0
9.494563029132513,5.855773911860931,0.0
5.753559124244419,9.418877086163567,0.0
8.584007863518059,8.096603704520149,0.0
6.654793070932032,9.701402299289652,0.0
8.341874027125776,7.199761606306812,0.0
7.547997340866952,7.879877149001432,0.0
8.045792189379258,8.467112485843321,0.0
8.600798839357012,6.83914398934086,0.0
7.817137893384607,8.250282123146032,0.0
9.526529008034592,7.134397525570069,0.0
8.14597500790985,8.125161904039473,0.0
6.944472793220674,9.055074596910908,0.0
6.725103881159456,8.353022957501064,0.0
8.138465102742204,7.102561470897927,0.0
8.538376501270523,7.8337777383088145,0.0
9.357906420438535,5.917482440870582,0.0
8.597478336163398,7.224071572655615,0.0
8.748812613198952,8.115016199526611,0.0
9.186430362358536,7.480553620030021,0.0
8.14684342790282,7.502691385344759,0.0
9.04150871766924,7.439459522576298,0.0
8.707221380240885,8.51895736556788,0.0
8.765199800816134,8.566345474105063,0.0
9.535330541730715,7.072341276025998,0.0
8.0101474878037,8.915055316701812,0.0
9.543398730587352,7.404914278567176,0.0
9.985588005322205,9.576510258281708,0.0
7.315008724732687,8.316896936953869,0.0
8.729047512281198,9.238220728771193,0.0
8.880299380643711,7.337067199957069,0.0
8.125875447112557,7.062738039978803,0.0
9.078604683911536,8.861744832005586,0.0
5.557373770221163,9.794597229021615,0.0
6.885364033510093,8.3035616697478,0.0
6.819893509945998,8.905588351381578,0.0
9.31760085934614,9.436668847852186,0.0
7.469524768181737,9.677434542022985,0.0
7.172196232289468,8.681516787153878,0.0
7.107152533657303,9.931004702439534,0.0
7.628132222184868,8.111122855192763,0.0
9.490451027935167,6.619127291405345,0.0
9.64954393656631,8.920145901846471,0.0
9.55938556583649,7.361890535606773,0.0
9.793741411368146,6.635016366720421,0.0
9.443152648929573,6.56283896142093,0.0
8.62315627681819,8.503567863497356,0.0
6.473720565602231,8.787774431206019,0.0
9.484211798277215,9.76373172822714,0.0
8.090715774506837,7.66207537047576,0.0
6.313766242720787,9.25804219020326,0.0
7.234881851225179,7.9872691009954835,0.0
9.866080295551829,5.613686013914057,0.0
8.941034678371281,9.461561191790585,0.0
8.221000501757613,6.831084314117078,0.0
9.481842958138191,6.071362827282394,0.0
6.010873968735333,9.195531365934034,0.0
6.643190178754523,8.980296357596588,0.0
8.939042010850098,7.91136833747243,0.0
9.203936285454226,9.94079621254561,0.0
9.872151070154729,9.642272596655074,0.0
6.954793113316189,9.715305975093548,0.0
7.118744491768172,8.456318618540337,0.0
8.37261479306661,6.953955512525679,0.0
9.073082439985413,6.7995348329138015,0.0
9.574026416027172,5.995769340390237,0.0
7.090628663068972,8.729211563989653,0.0
7.905428608433651,7.869999654283626,0.0
9.865325996525751,5.194264986069199,0.0
7.252184607864819,8.569667000767941,0.0
6.956255753231526,8.09458993865264,0.0
6.463734702400467,9.212799677134363,0.0
8.596992257949267,7.980687456231155,0.0
8.506296016882317,9.930189895930502,0.0
9.228596142638818,5.9381371599382105,0.0
7.788276008537039,8.462302796936724,0.0
8.171079627592944,8.7691327364853,0.0
9.643683815374477,9.906063682028616,0.0
7.793791259853444,7.376187962362874,0.0
8.670227783616493,9.94471394661717,0.0
8.913875084242216,7.373595489738357,0.0
9.295799198740388,8.367910088845207,0.0
9.982046888947972,9.30749624492272,0.0
6.22596181653658,9.572561623279713,0.0
9.703261722925024,7.122420890947533,0.0
6.522845202300713,9.67274421085489,0.0
6.585863976085814,9.78576787560712,0.0
7.840063862114571,9.515456732239,0.0
9.70368814201642,9.59567257538175,0.0
9.434513245473022,6.499759338698286,0.0
9.985835666165729,5.272592214157807,0.0
5.639425669069579,9.95654845185189,0.0
6.603187355486901,8.6636607707182,0.0
9.137989157604345,6.873937153360366,0.0
7.67821799874529,9.895086247392364,0.0
9.795475903517977,5.827440385456868,0.0
8.762379045836681,9.14481609788666,0.0
7.920709649607826,7.824216371978529,0.0
8.708794620143806,9.420503488556838,0.0
9.01302634964747,7.368043594041202,0.0
8.531399934447444,9.828172305562418,0.0
9.441482127707795,6.34151213215029,0.0
8.445123897474469,6.85180590039543,0.0
6.867830186195576,9.893901367490995,0.0
7.138880411960664,8.615354064966374,0.0
9.40061758796912,7.331971873904663,0.0
9.97385941022856,6.151746581208734,0.0
7.875760211411174,9.264359810457366,0.0
9.772503856797298,6.769538186186904,0.0
8.551623007270951,8.48808326671772,0.0
9.827772057520468,8.58738196483586,0.0
5.801670203824834,9.375460933815129,0.0
8.231677285601629,9.184340154617145,0.0
7.847941594925388,8.27137020796925,0.0
9.711672620514651,9.110375483974186,0.0
8.571122056613774,9.182239835894633,0.0
6.847857952555215,8.531688035717291,0.0
9.822048718205751,7.015823088997398,0.0
9.229934970306,5.81801463202234,0.0
9.843243623889215,5.285983889955147,0.0
8.259646291907659,7.971608160931889,0.0
8.540167132352982,8.57443263629908,0.0
7.933825284597376,8.51872847718747,0.0
8.955449750391466,9.662625600354058,0.0
8.730489559274536,7.668131701419215,0.0
8.402454751324777,6.732354070659264,0.0
9.674580548331772,5.593421151674484,0.0
7.823412012200459,7.634772672615141,0.0
8.692516112413104,7.0313992836234736,0.0
9.327215596740862,7.996980692410267,0.0
9.469834183013214,6.763540021689404,0.0
8.346023613455133,8.503372656459344,0.0
8.623486614185708,6.598617627770165,0.0
9.638105280543082,6.758411786387942,0.0
9.11473968946502,6.83673184782846,0.0
9.976381589394736,7.25191140185712,0.0
9.689923878557934,7.661963653010771,0.0
9.787177096190709,5.5347321856596565,0.0
9.02983636594562,9.899950483360923,0.0
6.307877499550213,9.195336338953966,0.0
7.463235215362309,8.632915955740044,0.0
9.837029341893397,7.878572738219049,0.0
6.993547698432657,9.697039080084906,0.0
9.04834227843457,9.758881265112056,0.0
9.511266441067098,6.080446808917253,0.0
8.850015075624961,8.945088733279468,0.0
8.430889908745083,9.136039756067298,0.0
8.679282273304842,7.078453364445215,0.0
9.57805617469675,9.3591283750953,0.0
5.910656659748758,9.783919503667164,0.0
9.263821805117848,9.272977408251773,0.0
6.999421896127331,9.190797728806018,0.0
9.619433234708207,6.775039095129963,0.0
9.81396884549532,6.7910873596546,0.0
9.10788907951787,6.604814076159082,0.0
6.584588415994704,8.939909769490047,0.0
7.04422340765952,9.709281075114136,0.0
6.584111645985253,9.507333778951931,0.0
7.385026693672229,8.124784199534528,0.0
8.90417762610934,9.42202005831806,0.0
9.594287089671782,6.314158179873781,0.0
7.463148906723966,8.69797185712472,0.0
8.61561586558281,7.660724817789426,0.0
9.812367380578394,7.073012776247002,0.0
9.801492120388271,5.597938107532594,0.0
9.100603372013888,9.368849867267372,0.0
5.419300553409123,9.795268513686215,0.0
9.862381212947142,5.592176452516996,0.0
7.570019478815856,9.119097053309885,0.0
8.159807822720591,9.403355347900453,0.0
6.146805239727893,9.77146183473643,0.0
7.552243492638154,8.527549737034182,0.0
9.029306195479691,8.700914382316867,0.0
7.977619115210187,7.513925431284333,0.0
6.933095637853528,8.132181397712587,0.0
8.289947158996867,9.703230973342055,0.0
6.150444621218582,8.923662861543468,0.0
6.840562176045926,9.00452989764712,0.0
9.74703474615984,7.04357224010502,0.0
9.319834996690185,7.864384033551071,0.0
9.967098110137592,7.81432861889146,0.0
8.903159418342732,7.484481597258291,0.0
8.558809803299592,9.35246184517164,0.0
7.577508910496159,7.86317057293196,0.0
6.465802731537059,8.788696587572565,0.0
7.905994147018992,7.500133164233455,0.0
8.377418280533444,8.885178430350722,0.0
9.883732146652775,9.380557639977892,0.0
8.314005700106389,8.001727375576532,0.0
7.043381992260515,8.149490525586945,0.0
9.113187628482244,6.471719643512907,0.0
6.92781406212664,9.629651692607965,0.0
9.38130613880373,8.164338667412581,0.0
7.075639677124847,8.442398270197366,0.0
9.750708691929692,5.8746885635514055,0.0
7.791408785061323,7.759598105177174,0.0
8.31876723448106,7.324495562170751,0.0
6.086953711299985,9.925326180089922,0.0
7.8408778650297215,8.133892585640254,0.0
8.994402049251153,6.5029545712228,0.0
8.548922379181287,8.463652935238864,0.0
8.619350848977454,7.547071217574194,0.0
8.866795093545102,7.736980070520656,0.0
9.915092356727872,9.661795879286176,0.0
9.894762886221509,8.944919773886983,0.0
7.9679179037265,9.513705985674768,0.0
9.14146803591378,7.54878963665452,0.0
9.775712035902982,9.15331290794014,0.0
9.742287583673091,8.184819859691892,0.0
7.806748642833172,9.420540793363106,0.0
9.86095597598027,5.482524443196242,0.0
9.92662503489112,8.603331646233071,0.0
6.902623315106212,8.622778332567245,0.0
7.363657346417936,9.622986815293824,0.0
9.613808757805248,7.612104389009692,0.0
9.536164399776393,9.125818850425633,0.0
9.017341027462544,7.055860301954839,0.0
8.782083902279446,9.091050876450076,0.0
9.999996914554195,6.743091315147564,0.0
6.185495771725661,9.05214426613338,0.0
6.3303651872374775,9.199675902969323,0.0
9.249973099227825,6.124835838620857,0.0
6.1120241123196895,9.090811875829504,0.0
9.896344959874895,6.460799461576566,0.0
7.887494946239148,8.65559712500115,0.0
6.974379356629164,8.156899491857644,0.0
8.340812542143878,6.991245661922222,0.0
8.502079212544277,7.613331773405933,0.0
7.59111567410204,8.834676210193676,0.0
9.552448161805849,8.927692631220832,0.0
9.87566052043026,6.800974042462432,0.0
9.7735936018784,7.404793822347751,0.0
9.299445935098404,8.511735526202843,0.0
9.009552407675772,7.894425147862364,0.0
8.40206652610236,8.779420358513532,0.0
9.795749143734842,9.584100603692052,0.0
9.11526056411564,7.175225598133018,0.0
8.683921133604645,6.479484840162387,0.0
9.269432171309909,6.589538290878076,0.0
8.973649327834643,8.000103181831152,0.0
8.46840814000876,7.527230136537545,0.0
8.704905580647369,7.822729759238138,0.0
6.741580869898462,9.376652505519315,0.0
9.627871506525867,6.738506736654126,0.0
7.593414008731424,9.978991054965402,0.0
6.298544683562506,9.189713944686748,0.0
8.427529139686879,8.422543783176327,0.0
8.270903893831823,9.776966860830758,0.0
8.77825617078172,9.540867891167924,0.0
7.94568104702615,8.716540973514434,0.0
6.5802460431451495,9.835794005134762,0.0
6.537834289192408,9.433656900929943,0.0
7.31824924369604,9.592438012167053,0.0
6.930981960453938,9.46112991311336,0.0
9.450059960778557,9.243652541971468,0.0
7.337871444149016,9.05240933103632,0.0
9.140804183267306,6.912011003324849,0.0
8.103996742057749,8.965140957553661,0.0
7.176915048743897,9.702214841081984,0.0
9.019677607314604,7.657174526439144,0.0
6.972059504793199,8.770695875209748,0.0
9.904244374625458,7.211211068855219,0.0
9.33277467095978,6.458047107706873,0.0
8.533322271517193,7.651818116123051,0.0
9.88881517868414,5.644835869895712,0.0
8.722777838679843,6.513269515805286,0.0
8.274013015159351,8.810112971214245,0.0
9.242544466086514,9.090480414040904,0.0
8.711668178063572,9.2809563030753,0.0
9.510011505552722,5.913234578813336,0.0
5.923273859748185,9.6356814665425,0.0
6.12462224080184,9.59913133712702,0.0
9.60433564926509,7.296165841574704,0.0
8.043055652972225,7.83615458964554,0.0
7.039876971197151,8.890349427461283,0.0
9.716047893974633,9.968146822131748,0.0
6.98177995500475,9.219059356547504,0.0
7.239709498041897,9.77253643966037,0.0
9.618850535787706,9.280078985350354,0.0
5.886957929037203,9.881634379378358,0.0
5.689210168573448,9.855486948435562,0.0
7.942182542432943,7.957484898272432,0.0
9.29545224046152,8.568337485556402,0.0
7.297943755796989,8.322777642500183,0.0
9.877184787861845,8.263997947656627,0.0
6.582900270036043,9.982264058563471,0.0
9.452584936193484,6.080267310269245,0.0
9.513648677338171,6.853219222491882,0.0
5.386912426084921,9.626180601592916,0.0
9.883685028707218,9.060933870501293,0.0
7.152044829598512,9.776329365259915,0.0
9.028739155772524,6.543167440360848,0.0
9.86543968940332,6.6330785611987615,0.0
5.7345618089342585,9.974257684604002,0.0
8.996685862205037,6.615439539620168,0.0
8.01273463430682,7.444462466887845,0.0
6.651413755265075,9.412846153277156,0.0
8.84199242081595,8.907739490315683,0.0
5.8195148915168105,9.686859141791526,0.0
7.276965889053198,7.843837233721171,0.0
9.428098843829405,7.0934284258020615,0.0
8.826680084745764,6.648310941441089,0.0
6.35298822300248,9.027308711201073,0.0
8.214928804665561,7.260935581169178,0.0
7.440467901801532,9.828502209500272,0.0
7.518925054969891,9.359161515571476,0.0
7.344637077336346,9.361560481253454,0.0
7.646979901182183,7.355596971257119,0.0
9.652272103307522,5.945445348346849,0.0
9.19080336050573,9.919770244917704,0.0
6.944734454928113,9.990479350689924,0.0
8.17996209670983,7.290119939149871,0.0
9.602650441366356,8.72708434146687,0.0
9.798972067632318,5.219746596495282,0.0
9.79154620512023,6.337396840905536,0.0
9.788503316231605,9.549909172841089,0.0
8.774939873283545,6.2390336727774445,0.0
9.36208423608479,9.598191878716042,0.0
9.95653966609925,6.121584599168083,0.0
9.584419094894542,7.9202482824146365,0.0
5.821563787640401,9.922478538375907,0.0
9.094429822955432,9.645945746777343,0.0
7.899908205503545,8.086125738337302,0.0
7.027734122815717,8.20745837381199,0.0
8.168329113748563,9.289781792979962,0.0
6.360015464955544,8.97087636232315,0.0
9.062844678341182,8.8303059433863,0.0
8.743855056759765,9.603729907691664,0.0
9.719826220898284,8.735227368690131,0.0
9.9610445812122,9.251951347629008,0.0
7.731299354374329,8.316908646086143,0.0
6.6653554191943645,9.09559520749199,0.0
9.421773580256753,6.2849016536148925,0.0
8.984184621552718,7.843032207126733,0.0
8.860229461138868,8.63987686978208,0.0
8.969187078366064,6.627318156127258,0.0
6.52872537258472,9.20032030109213,0.0
9.468355834040077,8.062362802891991,0.0
8.60994008582534,6.841019897853121,0.0
6.897747099644045,9.566375886176692,0.0
7.3007537050631965,8.35634372853426,0.0
7.575696118018404,8.771679261618496,0.0
9.00673852972446,6.786408020468916,0.0
9.67974848155585,5.585871347340001,0.0
8.328729038411534,7.060257884806104,0.0
8.761933312810996,6.270905569332587,0.0
7.307722696490975,8.388757357818866,0.0
9.187750969020223,8.613492540360614,0.0
9.489728359197018,6.658473134720221,0.0
8.594380429951304,9.514324465254909,0.0
8.607521695833274,8.237973680656367,0.0
8.855247792168218,8.863476768436975,0.0
9.218819135435725,7.518969419590765,0.0
7.275443291389862,8.350091822041362,0.0
8.68595229285101,6.700722038132288,0.0
7.887668536258031,8.66381828898769,0.0
9.751359791457672,6.397834573332268,0.0
9.931803786777644,5.75465291145821,0.0
9.312143632024783,9.750557154293816,0.0
8.429533759594769,7.0439198209323255,0.0
8.756970543411628,8.226138019392335,0.0
8.044447076741594,7.857171276282923,0.0
8.414639369781685,9.933186515980864,0.0
9.203876519538449,9.248031460752053,0.0
7.6338879408455105,9.738497798001612,0.0
9.56689841386448,9.457101325253412,0.0
7.998805012222521,9.228625744809532,0.0
6.930921306227801,8.664514286663692,0.0
8.420945762187396,8.864582740828462,0.0
9.266499256698712,6.219882049957221,0.0
8.42044484416232,6.997723139808678,0.0
7.683579838011178,9.90607710924105,0.0
9.484402001953594,6.236554872271956,0.0
9.066567253910751,7.757939868135276,0.0
7.39622043848356,7.900278511990574,0.0
9.724799018894132,8.028327961672261,0.0
8.509482500373828,7.837030414433144,0.0
5.898054671475414,9.267323935879176,0.0
7.848700855994201,7.372973569092305,0.0
6.842828588954301,9.242044983042591,0.0
8.991955632112255,8.770789827766249,0.0
5.247336282372061,9.948558530676673,0.0
7.757999308308987,8.902099687259684,0.0
9.332978032233184,8.652828923752569,0.0
9.613031095793676,9.384902755934704,0.0
8.985051153400365,7.948307993495645,0.0
6.500327273020087,9.511073807989847,0.0
9.741759179906278,8.736828380545251,0.0
8.551322541505906,8.079362463549268,0.0
8.743368193606493,6.707627603266761,0.0
9.279735173342033,6.389989552246828,0.0
6.331025379870284,8.674255589831844,0.0
6.909436717093885,8.924922324065395,0.0
7.932806340028251,7.770863494335712,0.0
9.062527996717424,9.951375232035923,0.0
8.391976647743883,7.832376340117396,0.0
8.024898313970422,7.955903277946095,0.0
6.856400514197716,8.456073722906819,0.0
8.892979254074382,8.967369276139575,0.0
8.876165015124357,6.720869354542312,0.0
8.76862585121401,7.435019265411818,0.0
7.927887395945627,8.496077500514774,0.0
6.699166133409894,9.453362444216932,0.0
9.19768141941789,8.498258503961019,0.0
9.994755262290017,8.848684203746867,0.0
8.273602789156342,8.82966054352228,0.0
5.330385999784184,9.912363048787132,0.0
7.669057436868223,9.841207174718434,0.0
8.480635854352661,7.927556334995169,0.0
7.034048702303084,9.016231075367031,0.0
9.409291096719608,7.664309274109076,0.0
8.592425059700878,8.403794278973223,0.0
8.556727524215006,8.762081343324308,0.0
9.775837804280286,8.239164631462742,0.0
7.503991266201835,9.042963041994296,0.0
9.219119461246088,7.143993467251748,0.0
9.539772881067185,8.182943499799988,0.0
8.565178435415636,9.027924439374162,0.0
9.794423122687746,6.432788875888781,0.0
8.218285030296123,9.276244579036156,0.0
6.767009942839919,8.823777944812706,0.0
8.29841997594816,8.748225377197484,0.0
9.233029711399464,8.119821150186198,0.0
8.482315483987415,7.784038552998381,0.0
9.525594752553191,7.941657100598559,0.0
6.123124327071714,9.842444825552116,0.0
5.084516759187902,9.984961795639208,0.0
9.719603652181284,8.859327250811091,0.0
8.039425646730475,9.88784545677228,0.0
8.257082774023935,9.55899623446139,0.0
7.700722422639515,9.572341565807289,0.0
7.651927943569472,8.246751839460845,0.0
6.269161685246578,8.933881413848658,0.0
9.832227161589383,9.998877158184976,0.0
8.646192013523489,6.676608240435408,0.0
8.462766954142912,9.278676305463293,0.0
9.439037368770496,6.973768478326222,0.0
8.85881669269651,8.59275406433052,0.0
8.736818942911246,6.849617424895119,0.0
6.758067982097014,9.335560500698588,0.0
9.54245690241006,7.614696414309577,0.0
7.503514208870362,7.53014253603221,0.0
8.465476937946537,9.021221709669092,0.0
9.547692664943977,7.636046356601077,0.0
9.980503667988948,6.294967964215781,0.0
8.416834865254447,6.684221946921813,0.0
9.453641922380234,6.535101218807808,0.0
8.82639176279919,9.322754678808614,0.0
7.838452379748038,9.73409103332454,0.0
8.729244408767542,9.336989805093834,0.0
6.753555656673276,8.723526414279908,0.0
8.750984039432879,6.551836088734724,0.0
9.26303638387789,5.964223176392338,0.0
9.865023974378412,6.097070777446842,0.0
9.450980639426792,7.516330747687285,0.0
7.196297787548259,9.877087638031426,0.0
6.65603680007484,9.5279349795598,0.0
8.87249499452402,8.812372624110875,0.0
9.714327310894047,8.53311075006437,0.0
9.653820164640903,6.886042112550577,0.0
7.035990114218822,9.35322064255638,0.0
9.925248645619536,9.966618809232347,0.0
9.141163353881248,8.103568757366169,0.0
8.106242984737952,6.896043027101171,0.0
8.928076434769853,9.059686716809402,0.0
9.230341958788086,7.368435857210191,0.0
9.555232563968064,5.660074008222697,0.0
8.112932426602718,7.988813317981421,0.0
8.89478702207056,8.01209756084707,0.0
9.081984393534071,7.723618984721785,0.0
7.882932266405106,7.331454971519844,0.0
6.973847378206212,9.182842416306482,0.0
8.049898386728302,8.227686508639867,0.0
7.148447490753993,8.485233194921484,0.0
9.444762344538177,6.125028814937659,0.0
9.367734011937724,6.848751010664894,0.0
8.54634667238986,9.971092629183802,0.0
9.62038033062424,6.672680947174224,0.0
5.819147480133076,9.29449242804049,0.0
9.140096344512552,6.975027692914324,0.0
7.893136202243575,7.342375071118388,0.0
8.133101050393027,9.98449950431446,0.0
9.790564170678888,9.737315303032474,0.0
9.51202559779018,9.494045100924067,0.0
8.289301105335495,8.06985922992626,0.0
9.980707758349403,7.761502112084473,0.0
9.902007537091066,9.3531098600621,0.0
8.67582234440858,9.88115202515044,0.0
9.757986793589277,8.252538088842702,0.0
8.938509688576877,6.503659499775642,0.0
8.208644759929559,7.998373422212825,0.0
9.74328487541123,6.333724163580472,0.0
8.122096474664511,8.626244179380299,0.0
7.870858472120499,7.788752779885701,0.0
7.731385854417184,9.231483496885716,0.0
7.606933393811326,8.722541975969076,0.0
7.189483987549571,8.96456592932399,0.0
7.5783402289805215,9.736591888138143,0.0
8.096954995319676,8.172579454266414,0.0
9.18688730857332,8.875705189330574,0.0
7.784250799149955,9.282759701749766,0.0
9.095868762852682,7.312649011296325,0.0
9.031988135559509,7.569268728660928,0.0
8.73153056561938,9.052944196126848,0.0
6.742510775394221,9.767078501393172,0.0
8.285467117765744,7.513092527490027,0.0
9.896943531896149,7.239870413466023,0.0
6.826825976887934,8.85254171238464,0.0
8.821156300984152,7.778728906765078,0.0
5.96345997159654,9.41397851515791,0.0
9.399297644995684,6.283570993490686,0.0
1.0893871425753598,0.6813645769141485,1.0
1.2466534589405776,0.0110528728605585,1.0
0.0567315691800029,1.178826929499145,1.0
0.2737391982875481,0.7113182062211287,1.0
1.2778395993499814,0.5983646095035899,1.0
0.492977493165021,1.255598866968265,1.0
0.2711046039082243,1.1257720144365158,1.0
0.6389880462192743,0.8534399249964675,1.0
0.1691413013908849,0.8413911401456631,1.0
0.9826233793242378,0.8598757335056206,1.0
0.8892727513397913,0.2996188658316123,1.0
1.7604038046811443,0.0904685402369898,1.0
1.0552248538474984,0.8462319704884513,1.0
0.923542661872978,0.7040722411027656,1.0
0.6768262228531408,0.8504814712058739,1.0
0.696506556077201,1.2069936626667566,1.0
0.911078907776166,0.0296391534514184,1.0
0.6116670505908051,0.9783827822185708,1.0
0.7042083331622218,0.3590028722796146,1.0
0.4337758307819472,0.6233190114691556,1.0
0.0536713756628415,0.4737891304849151,1.0
0.3938928531956953,1.523517768689504,1.0
0.3878581059312547,0.7211263331210327,1.0
0.1550882122436792,0.0205610924033317,1.0
0.3241899595641118,0.2550182384880262,1.0
1.036508153971697,0.7872092243166473,1.0
0.2471587203150083,0.7847857200676278,1.0
0.1133291248290147,1.371377267670828,1.0
1.2676418815080548,0.1980413722280016,1.0
0.6617708625289198,0.9807265450329196,1.0
0.3760299397928668,0.4716480188315153,1.0
0.5571325979654285,0.6766191590472892,1.0
0.1099298910389645,0.0396131938092669,1.0
0.7755396511190094,1.1410275634134526,1.0
0.7354849020867837,0.109695749859433,1.0
0.5113718079504459,0.8860775187519176,1.0
1.5070845481588224,0.4589272968663804,1.0
0.82799651966734,0.6995543819828076,1.0
0.0493179144115829,0.3195433341509035,1.0
0.7012073000610608,0.3434982053355095,1.0
0.2299015555770112,1.207477390845637,1.0
0.8612599876163263,0.7394140877486877,1.0
0.2789543342476452,0.9581470280211536,1.0
0.4137256647462051,0.5737071945298389,1.0
0.1139262105553795,0.7718758430125405,1.0
0.8071303981515643,0.9674866875497968,1.0
0.284197314972755,0.5968724148999127,1.0
0.5522332337600444,0.1010379697982799,1.0
0.4541102111599593,0.8115880054824254,1.0
0.3790958516615794,0.0573991629123049,1.0
4.372213006260054,0.8317488890077762,2.0
4.046287605454815,1.3308453072039517,2.0
2.468376387656328,2.6917938895184,2.0
0.7229601448203071,4.310479756072604,2.0
3.2704900110726958,2.087487333995426,2.0
4.459699543957427,1.5384721293315418,2.0
3.771192453385917,1.2861860381142354,2.0
4.91950730504627,0.9115319330729144,2.0
0.523770748867497,4.796198495860771,2.0
5.501078827145751,0.498806353185367,2.0
3.559066468321187,2.25436349441191,2.0
5.107661500617296,0.2597646129018471,2.0
4.706169071528733,0.3393191630144165,2.0
4.888184572090188,1.110880671138329,2.0
0.206788248921711,5.277192956338276,2.0
4.654331813842585,0.7025075584214047,2.0
3.1014723836427582,2.1010534745619736,2.0
0.205946243287588,5.563171566888254,2.0
1.1312338767239094,4.015397959380836,2.0
2.025417759617436,3.1981571401095854,2.0
0.7092157947529598,5.21965934265089,2.0
5.358943822076049,0.5072625585244273,2.0
1.204862169767149,4.245112846781174,2.0
2.7250194253388105,2.6681544382518485,2.0
5.649912610460505,0.1959190572671676,2.0
4.7641321621159625,0.3720646833494334,2.0
2.4794439087248787,2.5421783645223672,2.0
4.715272597088457,0.3649249317953862,2.0
1.2552416093909458,3.7499074735649582,2.0
1.401375388332412,3.756196942962473,2.0
4.996534344048873,0.4073979087373203,2.0
1.0205335417524577,4.004081895825816,2.0
2.732161578586798,2.2739130193778765,2.0
0.0421104495294155,5.868102194365381,2.0
3.230501208380198,2.380906073373504,2.0
1.8885383116740493,3.9526447531166378,2.0
4.248591839705896,1.4444278325771764,2.0
1.329933455067639,3.775902584861522,2.0
3.9913668529065904,1.682782204017329,2.0
4.959314270628523,1.0379592202729415,2.0
1.1720554092041224,4.663922390325036,2.0
0.9311976553534452,4.184634845757795,2.0
4.244945287968641,1.4681691089266968,2.0
0.5991037665741372,4.5829039619907865,2.0
3.717292056007363,1.5843176282759042,2.0
0.525166667641811,4.509276913232277,2.0
2.820956018926762,2.66175575818695,2.0
4.082838270857724,1.6057600976656938,2.0
2.622168462261472,2.6911186153853253,2.0
0.6703631709246016,5.272882076402887,2.0
